date,actual_gallons,fitted_gallons,forecast_gallons,lower_80,upper_80,lower_50,upper_50,temp_f,is_holiday,is_weekend,type
2023-01-01,63315096.0,62898072.0,,,,,,66.6,0,1,historical
2023-01-02,60628194.0,59549593.0,,,,,,57.7,0,0,historical
2023-01-03,57342326.0,57897751.0,,,,,,57.4,0,0,historical
2023-01-04,58099324.0,58553823.0,,,,,,61.4,0,0,historical
2023-01-05,59291669.0,58530071.0,,,,,,64.0,0,0,historical
2023-01-06,58321206.0,58672243.0,,,,,,60.7,0,0,historical
2023-01-07,60215064.0,62137640.0,,,,,,66.0,0,1,historical
2023-01-08,62173711.0,61515593.0,,,,,,64.1,0,1,historical
2023-01-09,58869623.0,59220143.0,,,,,,64.1,0,0,historical
2023-01-10,58208543.0,58225134.0,,,,,,63.0,0,0,historical
2023-01-11,58373949.0,58199288.0,,,,,,70.1,0,0,historical
2023-01-12,57754634.0,58700713.0,,,,,,60.0,0,0,historical
2023-01-13,60045657.0,59052673.0,,,,,,52.9,0,0,historical
2023-01-14,60454535.0,60617095.0,,,,,,67.4,0,1,historical
2023-01-15,60910388.0,61585572.0,,,,,,59.2,0,1,historical
2023-01-16,58264068.0,58229490.0,,,,,,61.5,0,0,historical
2023-01-17,59472416.0,59645299.0,,,,,,66.4,0,0,historical
2023-01-18,56449968.0,56802106.0,,,,,,54.8,0,0,historical
2023-01-19,56794903.0,56939395.0,,,,,,56.3,0,0,historical
2023-01-20,55957089.0,57039246.0,,,,,,55.0,0,0,historical
2023-01-21,62283951.0,61417119.0,,,,,,58.3,0,1,historical
2023-01-22,60919980.0,61217925.0,,,,,,63.3,0,1,historical
2023-01-23,58546520.0,58527511.0,,,,,,63.8,0,0,historical
2023-01-24,60085703.0,59756563.0,,,,,,62.9,0,0,historical
2023-01-25,58564677.0,59145976.0,,,,,,56.2,0,0,historical
2023-01-26,59905698.0,59629366.0,,,,,,52.8,0,0,historical
2023-01-27,59423748.0,59604575.0,,,,,,62.3,0,0,historical
2023-01-28,64413613.0,63778628.0,,,,,,60.4,0,1,historical
2023-01-29,64396965.0,63356057.0,,,,,,64.2,0,1,historical
2023-02-04,52392813.0,56313164.0,,,,,,60.3,0,1,historical
2023-02-05,52396304.0,54084855.0,,,,,,62.5,0,1,historical
2023-02-06,52399795.0,52299024.0,,,,,,64.2,0,0,historical
2023-02-07,52403285.4,52666463.0,,,,,,66.9,0,0,historical
2023-02-08,55105208.0,55354716.0,,,,,,62.2,0,0,historical
2023-02-09,64058277.0,60944822.0,,,,,,66.0,0,0,historical
2023-02-10,63983839.0,64464359.0,,,,,,63.0,0,0,historical
2023-02-11,69059798.0,69156959.0,,,,,,63.8,0,1,historical
2023-02-12,185054926.81638044,77286672.0,,,,,,67.8,0,1,historical
2023-02-13,65859814.0,65751536.0,,,,,,56.6,0,0,historical
2023-02-14,67150044.0,66168612.0,,,,,,59.6,0,0,historical
2023-02-15,65739109.0,66338824.0,,,,,,59.1,0,0,historical
2023-02-17,65882036.0,66300493.0,,,,,,62.7,0,0,historical
2023-02-18,70051851.0,69483864.0,,,,,,68.6,0,1,historical
2023-02-19,69565159.0,70062415.0,,,,,,64.7,0,1,historical
2023-02-20,69948813.0,70174983.0,,,,,,66.8,0,0,historical
2023-02-21,71900395.0,70758476.0,,,,,,70.6,0,0,historical
2023-02-22,71944496.0,70744657.0,,,,,,71.7,0,0,historical
2023-02-23,68499910.0,70575027.0,,,,,,66.4,0,0,historical
2023-02-24,72150220.0,71594511.0,,,,,,72.3,0,0,historical
2023-02-25,77139204.0,75390441.0,,,,,,67.5,0,1,historical
2023-02-26,75260815.0,75277319.0,,,,,,64.0,0,1,historical
2023-02-27,73090003.0,73263320.0,,,,,,65.2,0,0,historical
2023-02-28,70926235.0,72193454.0,,,,,,61.8,0,0,historical
2023-03-01,74522176.0,74031883.0,,,,,,64.9,0,0,historical
2023-03-02,73396491.0,74107391.0,,,,,,67.3,0,0,historical
2023-03-03,75681304.0,75454198.0,,,,,,72.2,0,0,historical
2023-03-04,77504636.0,79731170.0,,,,,,76.1,0,1,historical
2023-03-05,80907524.0,79744142.0,,,,,,63.9,0,1,historical
2023-03-06,78688164.0,78439208.0,,,,,,71.3,0,0,historical
2023-03-07,76969821.0,77434990.0,,,,,,65.8,0,0,historical
2023-03-08,77165413.0,78166760.0,,,,,,72.1,0,0,historical
2023-03-09,76492923.0,77396533.0,,,,,,69.9,0,0,historical
2023-03-10,79643777.0,80062781.0,,,,,,63.4,0,0,historical
2023-03-11,83405960.0,83901702.0,,,,,,74.7,0,1,historical
2023-03-12,82812537.0,83571633.0,,,,,,68.8,0,1,historical
2023-03-13,82625597.35799207,82044753.0,,,,,,69.3,0,0,historical
2023-03-14,82126325.0,80851367.0,,,,,,67.5,0,0,historical
2023-03-15,81993953.0,82642177.0,,,,,,69.4,0,0,historical
2023-03-16,83370338.0,82933391.0,,,,,,74.0,0,0,historical
2023-03-17,86199920.0,85691439.0,,,,,,71.8,0,0,historical
2023-03-18,89783418.0,88933429.0,,,,,,74.1,0,1,historical
2023-03-19,89518220.0,89674729.0,,,,,,74.5,0,1,historical
2023-03-20,87697698.0,87443506.0,,,,,,78.6,0,0,historical
2023-03-21,86058017.0,86517718.0,,,,,,72.2,0,0,historical
2023-03-22,88324541.0,88511941.0,,,,,,68.0,0,0,historical
2023-03-23,89174105.0,89476497.0,,,,,,78.4,0,0,historical
2023-03-24,89060942.0,89616576.0,,,,,,73.1,0,0,historical
2023-03-25,94451416.0,94308436.0,,,,,,79.2,0,1,historical
2023-03-26,93548814.0,93871407.0,,,,,,76.5,0,1,historical
2023-03-27,92433034.0,90888279.0,,,,,,74.7,0,0,historical
2023-03-28,93178956.0,91529543.0,,,,,,76.9,0,0,historical
2023-03-29,89558766.0,91317438.0,,,,,,83.6,0,0,historical
2023-03-30,95696885.0,93048563.0,,,,,,84.4,0,0,historical
2023-03-31,90500440.0,91192656.0,,,,,,76.6,0,0,historical
2023-04-01,97879771.0,98757178.0,,,,,,77.0,0,1,historical
2023-04-02,100774077.0,100244231.0,,,,,,80.9,0,1,historical
2023-04-03,96106675.0,96111509.0,,,,,,73.5,0,0,historical
2023-04-04,95258264.0,95885515.0,,,,,,78.5,0,0,historical
2023-04-05,96404696.0,96122510.0,,,,,,77.3,0,0,historical
2023-04-06,99844323.0,99342836.0,,,,,,78.9,0,0,historical
2023-04-07,96610971.0,98381101.0,,,,,,74.6,0,0,historical
2023-04-08,104768348.0,103988505.0,,,,,,71.8,0,1,historical
2023-04-09,103841664.0,104082188.0,,,,,,70.2,0,1,historical
2023-04-10,99460891.0,99889601.0,,,,,,74.3,0,0,historical
2023-04-11,100877607.0,100961265.0,,,,,,77.2,0,0,historical
2023-04-12,100913512.0,101656146.0,,,,,,78.1,0,0,historical
2023-04-13,104498700.0,103184466.0,,,,,,87.2,0,0,historical
2023-04-14,104696891.0,103929858.0,,,,,,84.2,0,0,historical
2023-04-20,109146834.0,107894578.0,,,,,,83.7,0,0,historical
2023-04-21,107258143.0,108212261.0,,,,,,80.1,0,0,historical
2023-04-22,110201856.0,110062106.0,,,,,,85.9,0,1,historical
2023-04-23,110919618.0,111040764.0,,,,,,77.4,0,1,historical
2023-04-24,107883037.0,109015422.0,,,,,,82.2,0,0,historical
2023-04-25,108477593.0,108452760.0,,,,,,92.8,0,0,historical
2023-04-26,110091167.0,109059694.0,,,,,,83.5,0,0,historical
2023-04-27,109154109.0,110641002.0,,,,,,88.6,0,0,historical
2023-05-02,111084653.0,111398503.0,,,,,,80.9,0,0,historical
2023-05-03,111861578.0,111803014.0,,,,,,85.9,0,0,historical
2023-05-04,115659149.0,112098689.0,,,,,,81.0,0,0,historical
2023-05-05,113883501.0,114261426.0,,,,,,87.3,0,0,historical
2023-05-06,118110863.0,118768078.0,,,,,,89.2,0,1,historical
2023-05-07,115577224.0,116912693.0,,,,,,86.6,0,1,historical
2023-05-08,113677266.0,113420803.0,,,,,,84.2,0,0,historical
2023-05-09,115335820.0,114535832.0,,,,,,87.4,0,0,historical
2023-05-10,113777958.0,114764676.0,,,,,,84.6,0,0,historical
2023-05-11,116952076.0,115334191.0,,,,,,89.8,0,0,historical
2023-05-12,113727203.0,115763019.0,,,,,,79.0,0,0,historical
2023-05-13,119047106.0,119292006.0,,,,,,85.2,0,1,historical
2023-05-14,118505786.0,118365822.0,,,,,,78.8,0,1,historical
2023-05-15,116254590.0,116035419.0,,,,,,81.0,0,0,historical
2023-05-16,116204012.0,116583850.0,,,,,,92.7,0,0,historical
2023-05-17,116751909.0,116659025.0,,,,,,91.1,0,0,historical
2023-05-18,116521799.0,116991502.0,,,,,,84.9,0,0,historical
2023-05-19,115808596.0,116297047.0,,,,,,82.0,0,0,historical
2023-05-20,120928942.0,120612130.0,,,,,,76.4,0,1,historical
2023-05-21,121165583.0,120261169.0,,,,,,86.3,0,1,historical
2023-05-22,117674525.0,116794504.0,,,,,,98.4,0,0,historical
2023-05-23,117272053.0,116869037.0,,,,,,90.7,0,0,historical
2023-05-24,118705747.0,117315735.0,,,,,,87.0,0,0,historical
2023-05-25,117713185.0,118425178.0,,,,,,91.3,0,0,historical
2023-05-26,117116855.0,117736324.0,,,,,,83.5,0,0,historical
2023-05-27,121588322.0,121603785.0,,,,,,88.8,0,1,historical
2023-05-28,123841695.0,121480752.0,,,,,,90.6,0,1,historical
2023-05-29,122448670.0,124023292.0,,,,,,90.1,1,0,historical
2023-05-30,119335955.0,119416816.0,,,,,,93.9,0,0,historical
2023-05-31,115696605.0,117733473.0,,,,,,92.3,0,0,historical
2023-06-01,118544982.0,117701845.0,,,,,,93.6,0,0,historical
2023-06-02,119931283.0,118681973.0,,,,,,88.4,0,0,historical
2023-06-03,121371453.0,122124090.0,,,,,,95.0,0,1,historical
2023-06-04,121585328.0,120859855.0,,,,,,98.2,0,1,historical
2023-06-05,116885933.0,116880076.0,,,,,,88.0,0,0,historical
2023-06-06,117617110.0,117566157.0,,,,,,88.6,0,0,historical
2023-06-07,117058099.0,117325030.0,,,,,,97.7,0,0,historical
2023-06-08,116553141.0,117476062.0,,,,,,91.8,0,0,historical
2023-06-09,117047863.0,116883046.0,,,,,,98.4,0,0,historical
2023-06-10,121078056.0,121029735.0,,,,,,91.2,0,1,historical
2023-06-11,119946449.0,120383725.0,,,,,,99.0,0,1,historical
2023-06-12,116120416.0,116168209.0,,,,,,93.9,0,0,historical
2023-06-13,115273418.0,116101237.0,,,,,,94.6,0,0,historical
2023-06-14,118014479.0,117352288.0,,,,,,100.1,0,0,historical
2023-06-15,117284162.0,116793173.0,,,,,,92.6,0,0,historical
2023-06-16,116525753.0,117106765.0,,,,,,90.4,0,0,historical
2023-06-17,120967586.0,120982730.0,,,,,,92.6,0,1,historical
2023-06-18,118862566.0,119199296.0,,,,,,96.4,0,1,historical
2023-06-19,115964108.0,116001402.0,,,,,,88.5,0,0,historical
2023-06-20,123213552.0,122900051.0,,,,,,97.4,0,0,historical
2023-06-21,129712515.0,128202351.0,,,,,,92.9,0,0,historical
2023-06-22,134306748.0,134453989.0,,,,,,99.8,0,0,historical
2023-06-23,136612840.15852046,135162458.0,,,,,,85.8,0,0,historical
2023-06-24,136820519.0,137083251.0,,,,,,92.4,0,1,historical
2023-06-25,136030337.0,136109182.0,,,,,,88.9,0,1,historical
2023-06-26,133941056.0,133968803.0,,,,,,92.5,0,0,historical
2023-06-27,132828365.0,132979124.0,,,,,,96.9,0,0,historical
2023-06-28,130082784.0,130488556.0,,,,,,95.3,0,0,historical
2023-06-29,133127882.0,132126892.0,,,,,,95.2,0,0,historical
2023-06-30,131265877.41083224,131446430.0,,,,,,95.7,0,0,historical
2023-07-01,133488418.0,133403807.0,,,,,,97.3,0,1,historical
2023-07-02,136727856.0,136243205.0,,,,,,92.5,0,1,historical
2023-07-03,127746202.0,129290876.0,,,,,,99.5,0,0,historical
2023-07-04,127812875.0,129349444.0,,,,,,99.5,1,0,historical
2023-07-05,113582332.0,114525723.0,,,,,,98.5,0,0,historical
2023-07-06,112156716.0,111464952.0,,,,,,99.3,0,0,historical
2023-07-07,110518565.0,109853706.0,,,,,,98.3,0,0,historical
2023-07-08,121042336.06340818,120779971.0,,,,,,105.4,0,1,historical
2023-07-09,113156132.36459708,113416939.0,,,,,,97.0,0,1,historical
2023-07-10,108865288.0,108913002.0,,,,,,96.3,0,0,historical
2023-07-11,108590704.0,108662797.0,,,,,,94.6,0,0,historical
2023-07-12,109827217.0,108581284.0,,,,,,93.6,0,0,historical
2023-07-13,109297448.0,109921901.0,,,,,,92.8,0,0,historical
2023-07-14,108454407.0,108680428.0,,,,,,94.3,0,0,historical
2023-07-15,110099903.0,111161630.0,,,,,,97.7,0,1,historical
2023-07-16,111734122.0,111044318.0,,,,,,99.4,0,1,historical
2023-07-17,107108244.0,106954805.0,,,,,,98.4,0,0,historical
2023-07-18,104296852.0,104842518.0,,,,,,95.2,0,0,historical
2023-07-19,106697730.0,107394555.0,,,,,,102.0,0,0,historical
2023-07-20,108653433.0,107804101.0,,,,,,101.5,0,0,historical
2023-07-21,102202449.0,103289841.0,,,,,,98.0,0,0,historical
2023-07-22,108589889.0,107832543.0,,,,,,96.1,0,1,historical
2023-07-23,109442177.0,109994149.0,,,,,,101.0,0,1,historical
2023-07-24,107118347.0,105856889.0,,,,,,99.6,0,0,historical
2023-07-25,103939273.18361954,103938375.0,,,,,,93.1,0,0,historical
2023-07-30,105859850.0,105374735.0,,,,,,93.4,0,1,historical
2023-07-31,108207054.0,107681815.0,,,,,,104.6,0,0,historical
2023-08-01,104903311.0,105255086.0,,,,,,104.3,0,0,historical
2023-08-02,102169219.0,101604013.0,,,,,,98.3,0,0,historical
2023-08-03,104017199.0,104015288.0,,,,,,100.8,0,0,historical
2023-08-04,101929954.0,101909332.0,,,,,,89.8,0,0,historical
2023-08-05,107169238.0,106390896.0,,,,,,94.8,0,1,historical
2023-08-06,102990884.0,103222952.0,,,,,,98.2,0,1,historical
2023-08-07,97595498.0,98826879.0,,,,,,95.1,0,0,historical
2023-08-08,100927144.0,101102474.0,,,,,,102.3,0,0,historical
2023-08-09,107858112.0,106444518.0,,,,,,107.4,0,0,historical
2023-08-10,100200834.0,99280535.0,,,,,,94.6,0,0,historical
2023-08-11,98421928.0,99780672.0,,,,,,95.9,0,0,historical
2023-08-12,101666726.0,103300613.0,,,,,,100.2,0,1,historical
2023-08-13,108386370.0,108505875.0,,,,,,105.6,0,1,historical
2023-08-14,96707742.0,97270214.0,,,,,,94.2,0,0,historical
2023-08-15,100178851.0,100245318.0,,,,,,100.0,0,0,historical
2023-08-16,107369507.0,106629927.0,,,,,,106.2,0,0,historical
2023-08-17,97825841.0,98180435.0,,,,,,92.2,0,0,historical
2023-08-18,103593960.0,103238777.0,,,,,,93.5,0,0,historical
2023-08-19,109685972.0,107459853.0,,,,,,96.8,0,1,historical
2023-08-20,111086202.0,110109582.0,,,,,,96.3,0,1,historical
2023-08-21,111272391.0,111261216.0,,,,,,101.4,0,0,historical
2023-08-22,108896563.0,108556748.0,,,,,,99.0,0,0,historical
2023-08-23,107866470.0,107626845.0,,,,,,90.7,0,0,historical
2023-08-24,112485692.0,111447739.0,,,,,,99.7,0,0,historical
2023-08-25,108883720.0,108640744.0,,,,,,95.1,0,0,historical
2023-08-26,111946451.0,112508729.0,,,,,,102.3,0,1,historical
2023-08-27,103681950.0,105845779.0,,,,,,94.5,0,1,historical
2023-08-28,94394562.0,98572177.0,,,,,,94.2,0,0,historical
2023-08-29,95580679.0,95966761.0,,,,,,98.7,0,0,historical
2023-08-30,94328190.0,95110394.0,,,,,,99.3,0,0,historical
2023-08-31,94174656.0,93665638.0,,,,,,97.8,0,0,historical
2023-09-01,93064721.0,93698180.0,,,,,,89.3,0,0,historical
2023-09-02,96130095.0,96083192.0,,,,,,97.9,0,1,historical
2023-09-03,94686236.0,94990330.0,,,,,,91.4,0,1,historical
2023-09-04,96555945.0,97323175.0,,,,,,96.2,1,0,historical
2023-09-05,92066171.0,92423690.0,,,,,,89.3,0,0,historical
2023-09-06,91784516.0,92370066.0,,,,,,96.5,0,0,historical
2023-09-07,90397669.0,91643234.0,,,,,,91.2,0,0,historical
2023-09-08,91686937.0,90857423.0,,,,,,89.0,0,0,historical
2023-09-09,94715646.0,94748165.0,,,,,,96.7,0,1,historical
2023-09-10,92370139.0,93804951.0,,,,,,94.5,0,1,historical
2023-09-11,89998087.0,91041684.0,,,,,,90.8,0,0,historical
2023-09-12,91720957.0,90769825.0,,,,,,98.7,0,0,historical
2023-09-13,91311458.0,90633933.0,,,,,,90.8,0,0,historical
2023-09-14,89165803.0,89572370.0,,,,,,92.4,0,0,historical
2023-09-15,90745985.0,90113663.0,,,,,,93.1,0,0,historical
2023-09-16,94957080.0,93780949.0,,,,,,89.2,0,1,historical
2023-09-17,94710646.0,93591654.0,,,,,,93.3,0,1,historical
2023-09-18,89491087.0,88617477.0,,,,,,88.9,0,0,historical
2023-09-19,88800586.0,89072644.0,,,,,,89.1,0,0,historical
2023-09-20,87806845.0,88651269.0,,,,,,95.9,0,0,historical
2023-09-21,89407293.0,88474869.0,,,,,,86.0,0,0,historical
2023-09-22,88425300.0,88585258.0,,,,,,80.2,0,0,historical
2023-09-23,92412342.0,92298252.0,,,,,,96.0,0,1,historical
2023-09-24,92741757.0,92779881.0,,,,,,99.4,0,1,historical
2023-09-25,89130707.0,88182405.0,,,,,,87.3,0,0,historical
2023-09-26,87499812.0,88005094.0,,,,,,80.8,0,0,historical
2023-09-27,88645261.0,88122443.0,,,,,,87.0,0,0,historical
2023-09-28,88531363.0,87458282.0,,,,,,86.8,0,0,historical
2023-09-29,86092817.0,86320075.0,,,,,,86.9,0,0,historical
2023-09-30,87804950.0,89166676.0,,,,,,82.8,0,1,historical
2023-10-01,92505295.0,91205288.0,,,,,,89.3,0,1,historical
2023-10-02,86986718.0,87098987.0,,,,,,88.7,0,0,historical
2023-10-03,83546061.0,85286401.0,,,,,,80.3,0,0,historical
2023-10-04,85254183.0,85847201.0,,,,,,88.8,0,0,historical
2023-10-05,87367278.0,86752379.0,,,,,,93.8,0,0,historical
2023-10-06,85182454.0,85514147.0,,,,,,86.0,0,0,historical
2023-10-07,88024625.0,88257339.0,,,,,,83.6,0,1,historical
2023-10-08,90370570.0,90423479.0,,,,,,84.0,0,1,historical
2023-10-09,83517037.0,85375730.0,,,,,,86.7,0,0,historical
2023-10-10,83137985.0,83410741.0,,,,,,76.9,0,0,historical
2023-10-11,84537520.0,84511705.0,,,,,,84.2,0,0,historical
2023-10-12,84350093.0,84634594.0,,,,,,81.6,0,0,historical
2023-10-13,84855531.0,84711981.0,,,,,,90.1,0,0,historical
2023-10-14,88110363.80449142,88209100.0,,,,,,81.7,0,1,historical
2023-10-15,87406670.0,87429745.0,,,,,,88.7,0,1,historical
2023-10-16,196891888.24306476,87673844.0,,,,,,77.2,0,0,historical
2023-10-17,82371271.0,83351861.0,,,,,,83.6,0,0,historical
2023-10-18,82435241.0,82684866.0,,,,,,82.1,0,0,historical
2023-10-19,82080744.51783355,81443482.0,,,,,,77.0,0,0,historical
2023-10-20,82009798.0,81587176.0,,,,,,80.7,0,0,historical
2023-10-21,86300482.0,85899921.0,,,,,,84.5,0,1,historical
2023-10-22,85417937.0,85046454.0,,,,,,77.9,0,1,historical
2023-10-23,80906073.0,81093412.0,,,,,,72.1,0,0,historical
2023-10-24,79487724.0,81482210.0,,,,,,78.3,0,0,historical
2023-10-25,80371681.0,79877510.0,,,,,,74.4,0,0,historical
2023-10-26,79956183.0,80147430.0,,,,,,76.2,0,0,historical
2023-10-27,79959657.0,79862211.0,,,,,,76.9,0,0,historical
2023-10-28,85903531.0,83618005.0,,,,,,69.9,0,1,historical
2023-10-29,81966029.0,82769057.0,,,,,,69.9,0,1,historical
2023-10-30,79370868.0,79006497.0,,,,,,77.9,0,0,historical
2023-10-31,79927754.0,78391301.0,,,,,,73.4,0,0,historical
2023-11-01,78325950.0,78728455.0,,,,,,65.3,0,0,historical
2023-11-02,81001672.0,78564175.0,,,,,,78.3,0,0,historical
2023-11-03,77065961.0,78110220.0,,,,,,75.8,0,0,historical
2023-11-04,81241582.0,80732797.0,,,,,,71.4,0,1,historical
2023-11-05,79424174.0,80827929.0,,,,,,68.6,0,1,historical
2023-11-06,76141240.0,77538133.0,,,,,,76.8,0,0,historical
2023-11-07,76616624.0,76824152.0,,,,,,74.5,0,0,historical
2023-11-08,77243195.0,76957977.0,,,,,,82.2,0,0,historical
2023-11-09,76051539.0,77234989.0,,,,,,74.0,0,0,historical
2023-11-10,76972776.0,76478000.0,,,,,,73.4,0,0,historical
2023-11-11,78389078.0,79014830.0,,,,,,70.8,0,1,historical
2023-11-12,77735605.0,77055927.0,,,,,,74.4,0,1,historical
2023-11-14,74466794.0,74033533.0,,,,,,75.4,0,0,historical
2023-11-15,72638065.0,73617461.0,,,,,,67.9,0,0,historical
2023-11-16,72327883.0,72483295.0,,,,,,67.9,0,0,historical
2023-11-17,71651260.0,72285970.0,,,,,,67.4,0,0,historical
2023-11-18,77373375.0,76213589.0,,,,,,72.1,0,1,historical
2023-11-19,75290179.0,75916494.0,,,,,,74.6,0,1,historical
2023-11-20,72039348.0,72594655.0,,,,,,66.4,0,0,historical
2023-11-21,71436713.0,71234775.0,,,,,,66.2,0,0,historical
2023-11-22,72150221.0,71042084.0,,,,,,68.8,0,0,historical
2023-11-23,69694928.0,70660123.0,,,,,,66.3,0,0,historical
2023-11-24,69041629.0,70448613.0,,,,,,70.7,0,0,historical
2023-11-25,73991624.0,74151609.0,,,,,,57.6,0,1,historical
2023-11-26,74148567.0,73325814.0,,,,,,63.0,0,1,historical
2023-11-27,69883236.0,69259770.0,,,,,,62.9,0,0,historical
2023-11-28,68013785.0,68875848.0,,,,,,56.5,0,0,historical
2023-11-29,69657448.0,68888189.0,,,,,,61.6,0,0,historical
2023-11-30,67417945.0,67575505.0,,,,,,61.5,0,0,historical
2023-12-01,67376196.0,66840667.0,,,,,,64.1,0,0,historical
2023-12-02,70038293.0,70568944.0,,,,,,69.1,0,1,historical
2023-12-03,72704541.0,70776671.0,,,,,,63.4,0,1,historical
2023-12-04,67918371.0,67772710.0,,,,,,60.0,0,0,historical
2023-12-05,67552731.0,68310628.0,,,,,,63.7,0,0,historical
2023-12-06,68086823.0,68265955.0,,,,,,67.9,0,0,historical
2023-12-07,69858681.0,67701093.0,,,,,,59.6,0,0,historical
2023-12-08,63498477.0,66397415.0,,,,,,59.6,0,0,historical
2023-12-09,68048470.0,67684078.0,,,,,,65.3,0,1,historical
2023-12-10,67904503.0,69287150.0,,,,,,62.0,0,1,historical
2023-12-11,166623219.28665784,68328763.0,,,,,,65.3,0,0,historical
2023-12-12,63122839.0,62124372.0,,,,,,62.4,0,0,historical
2023-12-13,63871057.0,63602043.0,,,,,,65.1,0,0,historical
2023-12-14,62358949.0,62904541.0,,,,,,58.0,0,0,historical
2023-12-15,64153868.0,63567990.0,,,,,,62.0,0,0,historical
2023-12-16,67067688.0,66304063.0,,,,,,61.0,0,1,historical
2023-12-17,67375381.0,67194437.0,,,,,,56.9,0,1,historical
2023-12-18,63585029.0,63602648.0,,,,,,55.3,0,0,historical
2023-12-19,63460119.0,63213967.0,,,,,,64.2,0,0,historical
2023-12-20,61909274.0,62253513.0,,,,,,60.0,0,0,historical
2023-12-21,65009436.0,64001382.0,,,,,,57.2,0,0,historical
2023-12-22,62256825.0,62140261.0,,,,,,60.8,0,0,historical
2023-12-23,62798918.0,63628640.0,,,,,,65.6,0,1,historical
2023-12-24,63738380.0,64242378.0,,,,,,51.9,0,1,historical
2023-12-25,58980193.0,59371187.0,,,,,,54.9,0,0,historical
2023-12-26,61139283.0,61110262.0,,,,,,57.2,0,0,historical
2023-12-27,60769613.0,60728990.0,,,,,,66.7,0,0,historical
2023-12-28,60132106.0,60462736.0,,,,,,61.9,0,0,historical
2023-12-29,63287081.0,62262979.0,,,,,,63.8,0,0,historical
2023-12-30,64746754.0,64778827.0,,,,,,56.1,0,1,historical
2023-12-31,64841713.0,64123027.0,,,,,,56.2,0,1,historical
2024-01-01,58890021.0,59117596.0,,,,,,61.0,0,0,historical
2024-01-02,58681262.0,59461657.0,,,,,,59.4,0,0,historical
2024-01-03,59962084.0,59778178.0,,,,,,61.3,0,0,historical
2024-01-04,60050018.0,60180167.0,,,,,,58.4,0,0,historical
2024-01-05,57250113.0,59891422.0,,,,,,60.3,0,0,historical
2024-01-06,62994961.0,62798438.0,,,,,,59.8,0,1,historical
2024-01-07,63197359.0,62910685.0,,,,,,62.3,0,1,historical
2024-01-08,59273454.0,59615429.0,,,,,,62.4,0,0,historical
2024-01-09,58439222.0,58611501.0,,,,,,52.7,0,0,historical
2024-01-10,58785934.0,58817690.0,,,,,,50.3,0,0,historical
2024-01-11,59264735.0,59333763.0,,,,,,63.3,0,0,historical
2024-01-12,59629531.0,59646107.0,,,,,,64.1,0,0,historical
2024-01-13,63910454.0,63528296.0,,,,,,55.3,0,1,historical
2024-01-14,64581733.0,63910515.0,,,,,,52.0,0,1,historical
2024-01-15,59213050.0,59773093.0,,,,,,59.9,0,0,historical
2024-01-16,59056796.0,59552338.0,,,,,,63.3,0,0,historical
2024-01-17,60329062.0,59817006.0,,,,,,66.8,0,0,historical
2024-01-18,60649730.0,60384797.0,,,,,,61.8,0,0,historical
2024-01-19,59351769.0,60292182.0,,,,,,58.3,0,0,historical
2024-01-20,64684275.0,64297248.0,,,,,,56.3,0,1,historical
2024-01-21,65069293.0,64301025.0,,,,,,60.0,0,1,historical
2024-01-22,62058679.0,61287632.0,,,,,,58.9,0,0,historical
2024-01-23,62871038.0,61731756.0,,,,,,56.1,0,0,historical
2024-01-24,59499649.0,60756257.0,,,,,,68.5,0,0,historical
2024-01-25,60868661.0,60553785.0,,,,,,67.5,0,0,historical
2024-01-26,61068402.0,60688214.0,,,,,,65.1,0,0,historical
2024-01-27,64715455.0,64986782.0,,,,,,56.9,0,1,historical
2024-01-28,64208753.0,64968088.0,,,,,,64.2,0,1,historical
2024-01-29,59757666.0,61619529.0,,,,,,63.4,0,0,historical
2024-01-30,62135531.0,62584977.0,,,,,,62.8,0,0,historical
2024-01-31,61256233.0,62589184.0,,,,,,66.2,0,0,historical
2024-02-01,62692195.0,62221091.0,,,,,,63.7,0,0,historical
2024-02-02,61815943.0,62075296.0,,,,,,64.3,0,0,historical
2024-02-03,65301978.0,65990219.0,,,,,,64.0,0,1,historical
2024-02-04,67424557.0,66842398.0,,,,,,63.0,0,1,historical
2024-02-05,64081679.0,64761838.0,,,,,,54.6,0,0,historical
2024-02-06,65017210.0,65553901.0,,,,,,62.2,0,0,historical
2024-02-07,67547749.0,66424825.0,,,,,,59.8,0,0,historical
2024-02-08,147938146.89564067,75199801.0,,,,,,57.1,0,0,historical
2024-02-09,66055584.0,65811182.0,,,,,,69.1,0,0,historical
2024-02-10,67952679.0,67058009.0,,,,,,69.5,0,1,historical
2024-02-11,68100295.0,69390563.0,,,,,,68.2,0,1,historical
2024-02-12,68814558.0,67765737.0,,,,,,64.0,0,0,historical
2024-02-13,65904506.0,67134514.0,,,,,,68.5,0,0,historical
2024-02-14,66209806.0,65817201.0,,,,,,63.4,0,0,historical
2024-02-15,68038435.0,67744172.0,,,,,,64.3,0,0,historical
2024-02-16,68461662.0,68300139.0,,,,,,59.3,0,0,historical
2024-02-17,71455549.0,72704986.0,,,,,,65.5,0,1,historical
2024-02-18,72773765.0,72312861.0,,,,,,64.3,0,1,historical
2024-02-19,71780454.0,70510411.0,,,,,,59.1,0,0,historical
2024-02-20,69585352.0,69836233.0,,,,,,64.3,0,0,historical
2024-02-21,69345367.0,69545024.0,,,,,,64.4,0,0,historical
2024-02-22,73043568.0,72345486.0,,,,,,72.1,0,0,historical
2024-02-23,73009324.0,72949722.0,,,,,,68.7,0,0,historical
2024-02-24,75677538.0,75489303.0,,,,,,65.4,0,1,historical
2024-02-25,74976252.0,75464708.0,,,,,,66.6,0,1,historical
2024-02-26,73118765.0,73919888.0,,,,,,66.0,0,0,historical
2024-02-27,74654922.0,73694635.0,,,,,,65.2,0,0,historical
2024-02-28,76912853.0,74809993.0,,,,,,61.9,0,0,historical
2024-02-29,74579977.0,75540317.0,,,,,,65.9,0,0,historical
2024-03-01,76494088.0,76494863.0,,,,,,64.0,0,0,historical
2024-03-02,81741651.0,81644462.0,,,,,,62.2,0,1,historical
2024-03-03,78283679.0,79810943.0,,,,,,69.5,0,1,historical
2024-03-04,79946661.0,79176598.0,,,,,,69.3,0,0,historical
2024-03-05,77631142.0,79207319.0,,,,,,60.8,0,0,historical
2024-03-06,80336990.0,80041656.0,,,,,,67.7,0,0,historical
2024-03-07,80898198.0,80345000.0,,,,,,72.4,0,0,historical
2024-03-08,82706226.0,81320443.0,,,,,,72.9,0,0,historical
2024-03-09,86260970.0,85645004.0,,,,,,73.0,0,1,historical
2024-03-10,83014846.0,84151468.0,,,,,,69.4,0,1,historical
2024-03-11,82265892.0,82661107.0,,,,,,66.1,0,0,historical
2024-03-12,84206613.0,83590388.0,,,,,,65.4,0,0,historical
2024-03-13,84461450.0,84952170.0,,,,,,71.4,0,0,historical
2024-03-14,86072146.0,85717435.0,,,,,,71.8,0,0,historical
2024-03-15,87200229.0,86629422.0,,,,,,75.6,0,0,historical
2024-03-16,91255167.0,91724375.0,,,,,,75.2,0,1,historical
2024-03-17,90861318.0,90574444.0,,,,,,70.5,0,1,historical
2024-03-18,85791999.0,86977444.0,,,,,,66.3,0,0,historical
2024-03-19,88378292.0,88942321.0,,,,,,70.3,0,0,historical
2024-03-20,90266973.0,89815981.0,,,,,,72.7,0,0,historical
2024-03-21,88954958.0,90120002.0,,,,,,71.3,0,0,historical
2024-03-22,91987228.0,90845854.0,,,,,,70.1,0,0,historical
2024-03-23,96663762.0,95661575.0,,,,,,73.7,0,1,historical
2024-03-24,96325533.0,95568410.0,,,,,,70.9,0,1,historical
2024-03-25,89153349.0,90698843.0,,,,,,70.7,0,0,historical
2024-03-26,92266530.0,92188007.0,,,,,,74.7,0,0,historical
2024-03-27,97233419.0,95617408.0,,,,,,72.1,0,0,historical
2024-03-28,94662727.0,93476348.0,,,,,,75.0,0,0,historical
2024-03-29,93428115.0,95812778.0,,,,,,75.4,0,0,historical
2024-03-30,102050640.0,101067313.0,,,,,,70.0,0,1,historical
2024-03-31,101098767.0,101430235.0,,,,,,72.9,0,1,historical
2024-04-01,99708315.0,98956929.0,,,,,,80.6,0,0,historical
2024-04-02,99235163.0,99128367.0,,,,,,70.5,0,0,historical
2024-04-03,100158044.0,100816679.0,,,,,,66.9,0,0,historical
2024-04-04,100701908.0,100340353.0,,,,,,68.2,0,0,historical
2024-04-05,101818859.0,101954419.0,,,,,,76.0,0,0,historical
2024-04-06,108199307.0,107450597.0,,,,,,76.3,0,1,historical
2024-04-07,107092700.0,107148447.0,,,,,,76.0,0,1,historical
2024-04-08,100820852.0,101755328.0,,,,,,81.6,0,0,historical
2024-04-09,104077602.0,102823946.0,,,,,,66.3,0,0,historical
2024-04-10,105643860.0,104645979.0,,,,,,78.8,0,0,historical
2024-04-11,106616305.0,105734426.0,,,,,,83.7,0,0,historical
2024-04-12,104765456.0,105336326.0,,,,,,73.2,0,0,historical
2024-04-13,111108075.0,109954256.0,,,,,,76.5,0,1,historical
2024-04-14,111383215.32364596,111579981.0,,,,,,75.2,0,1,historical
2024-04-15,110590957.0,109287199.0,,,,,,74.9,0,0,historical
2024-04-16,106687362.0,110087223.0,,,,,,77.4,0,0,historical
2024-04-17,107916901.0,107343170.0,,,,,,84.7,0,0,historical
2024-04-18,108877448.0,108838362.0,,,,,,86.6,0,0,historical
2024-04-19,108698714.0,108943923.0,,,,,,78.1,0,0,historical
2024-04-20,112814378.0,112889359.0,,,,,,87.3,0,1,historical
2024-04-21,110289124.0,112006382.0,,,,,,80.1,0,1,historical
2024-04-22,110852246.0,110389146.0,,,,,,87.2,0,0,historical
2024-04-23,111918737.0,111387920.0,,,,,,80.0,0,0,historical
2024-04-24,111321260.0,112030124.0,,,,,,81.2,0,0,historical
2024-04-25,115153003.0,112494322.0,,,,,,82.3,0,0,historical
2024-04-26,113846353.0,114532153.0,,,,,,93.8,0,0,historical
2024-04-27,118960364.0,119025933.0,,,,,,84.8,0,1,historical
2024-04-28,117663623.0,117861505.0,,,,,,78.7,0,1,historical
2024-04-29,115657577.0,115521271.0,,,,,,85.7,0,0,historical
2024-04-30,114959877.0,115265719.0,,,,,,80.6,0,0,historical
2024-05-01,116803087.0,115664457.0,,,,,,80.3,0,0,historical
2024-05-02,115830480.0,117216331.0,,,,,,86.1,0,0,historical
2024-05-03,116554308.0,116944870.0,,,,,,82.8,0,0,historical
2024-05-04,120417693.0,121061760.0,,,,,,84.1,0,1,historical
2024-05-05,119812769.0,119772456.0,,,,,,83.2,0,1,historical
2024-05-06,117582711.0,116563387.0,,,,,,84.7,0,0,historical
2024-05-07,120403660.0,117569247.0,,,,,,85.3,0,0,historical
2024-05-08,116934579.0,118707103.0,,,,,,76.1,0,0,historical
2024-05-09,118633002.0,118339609.0,,,,,,86.8,0,0,historical
2024-05-10,119573192.0,118989119.0,,,,,,80.4,0,0,historical
2024-05-12,122280711.0,122602626.0,,,,,,84.6,0,1,historical
2024-05-13,115726923.0,118007078.0,,,,,,85.4,0,0,historical
2024-05-14,119644532.0,117910360.0,,,,,,82.5,0,0,historical
2024-05-15,116599718.0,118445537.0,,,,,,88.8,0,0,historical
2024-05-16,121152928.0,118762595.0,,,,,,80.4,0,0,historical
2024-05-17,119848358.0,119297817.0,,,,,,84.4,0,0,historical
2024-05-18,124688463.0,123636838.0,,,,,,83.9,0,1,historical
2024-05-19,122428548.0,123240600.0,,,,,,86.3,0,1,historical
2024-05-20,118180767.0,118806484.0,,,,,,87.8,0,0,historical
2024-05-21,120384653.0,119935246.0,,,,,,82.9,0,0,historical
2024-05-22,120597201.0,119927921.0,,,,,,90.1,0,0,historical
2024-05-23,119884724.0,120159455.0,,,,,,87.7,0,0,historical
2024-05-24,120182616.0,119862851.0,,,,,,80.1,0,0,historical
2024-05-25,127461371.0,124471875.0,,,,,,80.1,0,1,historical
2024-05-26,125465879.0,125577541.0,,,,,,88.2,0,1,historical
2024-05-27,129342143.0,128530339.0,,,,,,87.6,1,0,historical
2024-05-28,121918015.0,122583080.0,,,,,,88.3,0,0,historical
2024-05-29,122813376.0,121560065.0,,,,,,88.8,0,0,historical
2024-05-30,120630958.0,121365808.0,,,,,,90.1,0,0,historical
2024-05-31,118306427.0,119625357.0,,,,,,93.2,0,0,historical
2024-06-01,123798570.0,123842528.0,,,,,,85.0,0,1,historical
2024-06-02,125096165.0,124539258.0,,,,,,85.0,0,1,historical
2024-06-03,119054374.0,120002419.0,,,,,,85.5,0,0,historical
2024-06-11,119999529.0,119672861.0,,,,,,90.1,0,0,historical
2024-06-15,123023074.0,123280894.0,,,,,,89.8,0,1,historical
2024-06-16,123973054.0,123936127.0,,,,,,89.2,0,1,historical
2024-06-17,121037758.52047557,120686560.0,,,,,,94.8,0,0,historical
2024-06-18,120241473.0,119644498.0,,,,,,86.9,0,0,historical
2024-06-19,117099874.0,119158342.0,,,,,,94.8,0,0,historical
2024-06-20,117660787.0,117943595.0,,,,,,93.8,0,0,historical
2024-06-21,118477289.0,117480676.0,,,,,,93.0,0,0,historical
2024-06-22,125339773.0,124518789.0,,,,,,100.1,0,1,historical
2024-06-23,122804162.0,122614237.0,,,,,,91.4,0,1,historical
2024-06-24,120802103.0,120636529.0,,,,,,102.2,0,0,historical
2024-06-25,116250395.0,116789021.0,,,,,,93.2,0,0,historical
2024-06-26,115001122.0,115896322.0,,,,,,89.2,0,0,historical
2024-06-27,117373704.0,115656963.0,,,,,,94.7,0,0,historical
2024-06-28,114196643.0,115635652.0,,,,,,90.3,0,0,historical
2024-06-29,118777307.0,119003107.0,,,,,,91.7,0,1,historical
2024-06-30,117961613.0,118637681.0,,,,,,96.4,0,1,historical
2024-07-01,116547510.0,115433316.0,,,,,,97.2,0,0,historical
2024-07-02,114136738.0,114653081.0,,,,,,92.6,0,0,historical
2024-07-03,111249360.0,112140999.0,,,,,,99.1,0,0,historical
2024-07-04,127090199.0,120511464.0,,,,,,99.9,1,0,historical
2024-07-05,114178138.0,116616712.0,,,,,,101.2,0,0,historical
2024-07-06,116598055.0,116447500.0,,,,,,97.7,0,1,historical
2024-07-07,117908935.0,117366588.0,,,,,,101.1,0,1,historical
2024-07-08,117374246.0,117382808.0,,,,,,88.2,0,0,historical
2024-07-09,123679565.0,122023462.0,,,,,,94.6,0,0,historical
2024-07-10,123426349.0,124559448.0,,,,,,92.5,0,0,historical
2024-07-11,123756702.0,123374501.0,,,,,,96.6,0,0,historical
2024-07-12,125842906.0,125248261.0,,,,,,93.9,0,0,historical
2024-07-13,126385404.0,126430703.0,,,,,,95.6,0,1,historical
2024-07-14,129297592.0,129152740.0,,,,,,103.9,0,1,historical
2024-07-15,123836392.338177,123559676.0,,,,,,95.8,0,0,historical
2024-07-16,124797101.0,124148047.0,,,,,,98.3,0,0,historical
2024-07-17,122162892.0,121877290.0,,,,,,95.8,0,0,historical
2024-07-18,116113025.0,118367852.0,,,,,,97.1,0,0,historical
2024-07-19,114581065.0,116437331.0,,,,,,96.9,0,0,historical
2024-07-20,109915338.0,115496104.0,,,,,,98.8,0,1,historical
2024-07-21,114054520.0,113744185.0,,,,,,101.8,0,1,historical
2024-07-22,110158645.0,110955220.0,,,,,,103.8,0,0,historical
2024-07-23,105798458.0,106022039.0,,,,,,98.5,0,0,historical
2024-07-24,107031618.0,106560185.0,,,,,,99.7,0,0,historical
2024-07-26,104953100.0,105063948.0,,,,,,97.2,0,0,historical
2024-07-27,112054104.0,111079284.0,,,,,,101.3,0,1,historical
2024-07-28,110145255.0,110468262.0,,,,,,101.1,0,1,historical
2024-07-29,106656537.0,105617434.0,,,,,,98.6,0,0,historical
2024-07-30,106972178.0,106931761.0,,,,,,101.3,0,0,historical
2024-07-31,104325437.0,104992279.0,,,,,,99.8,0,0,historical
2024-08-01,105747316.0,106033393.0,,,,,,102.6,0,0,historical
2024-08-02,101965414.0,102564659.0,,,,,,99.0,0,0,historical
2024-08-03,106968195.0,106252141.0,,,,,,96.5,0,1,historical
2024-08-04,106809231.0,106489205.0,,,,,,99.2,0,1,historical
2024-08-05,99357239.0,100790415.0,,,,,,86.2,0,0,historical
2024-08-06,102411926.0,102000364.0,,,,,,99.4,0,0,historical
2024-08-07,100511303.0,101243366.0,,,,,,83.3,0,0,historical
2024-08-08,104117982.0,102560342.0,,,,,,91.0,0,0,historical
2024-08-09,100017320.0,101940653.0,,,,,,99.7,0,0,historical
2024-08-10,103726168.0,104058384.0,,,,,,99.8,0,1,historical
2024-08-11,106343029.0,104527751.0,,,,,,93.1,0,1,historical
2024-08-12,102882973.0,102098125.0,,,,,,94.9,0,0,historical
2024-08-13,102611152.0,103139130.0,,,,,,103.2,0,0,historical
2024-08-14,98555154.0,98981906.0,,,,,,95.7,0,0,historical
2024-08-15,107235046.0,106873558.0,,,,,,106.5,0,0,historical
2024-08-16,96066747.0,97914105.0,,,,,,97.4,0,0,historical
2024-08-17,100659310.0,101016848.0,,,,,,98.9,0,1,historical
2024-08-18,105841770.0,105473389.0,,,,,,103.6,0,1,historical
2024-08-19,100542248.0,99030766.0,,,,,,97.5,0,0,historical
2024-08-20,98021427.0,99352371.0,,,,,,92.8,0,0,historical
2024-08-21,97684854.0,98388943.0,,,,,,96.2,0,0,historical
2024-08-22,98846770.0,98073794.0,,,,,,96.4,0,0,historical
2024-08-23,100535477.0,99083629.0,,,,,,90.9,0,0,historical
2024-08-24,99466822.0,101021909.0,,,,,,95.1,0,1,historical
2024-08-25,100909188.0,100834218.0,,,,,,93.0,0,1,historical
2024-08-26,99898091.0,98559975.0,,,,,,99.4,0,0,historical
2024-08-27,93833131.0,95484453.0,,,,,,95.6,0,0,historical
2024-08-28,98037758.0,96748252.0,,,,,,94.1,0,0,historical
2024-08-29,95045308.0,96605880.0,,,,,,94.6,0,0,historical
2024-08-30,95312438.0,95173932.0,,,,,,95.7,0,0,historical
2024-08-31,98498443.0,98515985.0,,,,,,97.0,0,1,historical
2024-09-01,97740737.0,97713601.0,,,,,,90.5,0,1,historical
2024-09-02,101975294.0,101802714.0,,,,,,90.1,1,0,historical
2024-09-03,95389875.0,95491046.0,,,,,,98.4,0,0,historical
2024-09-04,96188425.0,95540487.0,,,,,,92.1,0,0,historical
2024-09-05,94118756.0,94143954.0,,,,,,87.8,0,0,historical
2024-09-06,94684780.0,93736827.0,,,,,,94.9,0,0,historical
2024-09-07,98755939.0,97847523.0,,,,,,94.7,0,1,historical
2024-09-08,95835407.0,96797637.0,,,,,,86.5,0,1,historical
2024-09-09,94804979.0,94137833.0,,,,,,93.2,0,0,historical
2024-09-10,94820015.58784676,93675985.0,,,,,,94.9,0,0,historical
2024-09-11,96904175.0,95454481.0,,,,,,93.2,0,0,historical
2024-09-12,92685640.0,93811719.0,,,,,,93.9,0,0,historical
2024-09-13,91745400.0,92390458.0,,,,,,85.5,0,0,historical
2024-09-14,97312430.0,97014201.0,,,,,,92.1,0,1,historical
2024-09-15,96960927.0,95857225.0,,,,,,89.3,0,1,historical
2024-09-16,91199712.0,92564939.0,,,,,,88.3,0,0,historical
2024-09-17,91537081.0,91811108.0,,,,,,93.4,0,0,historical
2024-09-18,91665009.0,91908734.0,,,,,,95.5,0,0,historical
2024-09-19,89740423.0,90213985.0,,,,,,96.5,0,0,historical
2024-09-20,90950652.0,90544644.0,,,,,,94.2,0,0,historical
2024-09-21,94613589.0,94557876.0,,,,,,88.2,0,1,historical
2024-09-22,95746389.0,95368584.0,,,,,,89.8,0,1,historical
2024-09-23,89818686.0,90026131.0,,,,,,91.1,0,0,historical
2024-09-24,87707587.0,88822371.0,,,,,,88.2,0,0,historical
2024-09-25,87370544.0,88804352.0,,,,,,87.9,0,0,historical
2024-09-26,88227222.0,88783861.0,,,,,,90.4,0,0,historical
2024-09-27,87656211.0,88723786.0,,,,,,86.5,0,0,historical
2024-09-28,92430146.0,92490961.0,,,,,,83.5,0,1,historical
2024-09-29,90868550.0,91162821.0,,,,,,84.5,0,1,historical
2024-09-30,87956400.0,88320082.0,,,,,,88.3,0,0,historical
2024-10-01,87427864.0,87919761.0,,,,,,85.5,0,0,historical
2024-10-02,87730433.0,86684526.0,,,,,,86.5,0,0,historical
2024-10-03,89976737.0,88719578.0,,,,,,87.5,0,0,historical
2024-10-04,88518253.0,88292361.0,,,,,,83.0,0,0,historical
2024-10-05,91344499.0,91187535.0,,,,,,87.1,0,1,historical
2024-10-06,90324954.0,90312280.0,,,,,,85.3,0,1,historical
2024-10-07,86106697.0,86936168.0,,,,,,78.5,0,0,historical
2024-10-08,87546952.0,87085949.0,,,,,,88.8,0,0,historical
2024-10-09,87063220.0,86488791.0,,,,,,80.7,0,0,historical
2024-10-10,84732356.0,86043786.0,,,,,,75.7,0,0,historical
2024-10-11,85771378.0,85739302.0,,,,,,77.8,0,0,historical
2024-10-12,86336413.0,87817714.0,,,,,,77.5,0,1,historical
2024-10-13,89247850.0,88856594.0,,,,,,81.5,0,1,historical
2024-10-14,85998239.0,86423854.0,,,,,,79.8,0,0,historical
2024-10-15,84316284.0,85106041.0,,,,,,79.2,0,0,historical
2024-10-16,252427085.6010568,87294429.0,,,,,,82.6,0,0,historical
2024-10-17,83044184.41215323,83138547.0,,,,,,81.1,0,0,historical
2024-10-18,84236739.0,84488023.0,,,,,,80.6,0,0,historical
2024-10-19,87253556.0,87342764.0,,,,,,80.6,0,1,historical
2024-10-20,86919349.0,86741555.0,,,,,,81.0,0,1,historical
2024-10-21,82908122.0,83743267.0,,,,,,69.7,0,0,historical
2024-10-22,82925785.0,82491291.0,,,,,,76.3,0,0,historical
2024-10-23,83648756.0,83183204.0,,,,,,68.6,0,0,historical
2024-10-24,84080308.0,82725741.0,,,,,,77.1,0,0,historical
2024-10-25,81902172.0,82409989.0,,,,,,76.5,0,0,historical
2024-10-26,86379191.0,85674686.0,,,,,,80.3,0,1,historical
2024-10-27,84018287.0,86136144.0,,,,,,80.4,0,1,historical
2024-10-28,82045014.0,82001146.0,,,,,,76.1,0,0,historical
2024-10-29,79650591.0,80700279.0,,,,,,72.9,0,0,historical
2024-10-30,81867576.0,82133658.0,,,,,,76.4,0,0,historical
2024-10-31,83081329.0,80477612.0,,,,,,71.9,0,0,historical
2024-11-01,79577995.0,81294798.0,,,,,,74.0,0,0,historical
2024-11-02,80070300.0,82523749.0,,,,,,77.6,0,1,historical
2024-11-03,81991045.44253632,81639528.0,,,,,,71.0,0,1,historical
2024-11-04,80452548.0,79574873.0,,,,,,76.0,0,0,historical
2024-11-05,79194972.0,78973148.0,,,,,,75.1,0,0,historical
2024-11-06,78446172.0,78821858.0,,,,,,68.2,0,0,historical
2024-11-07,79147818.0,79128122.0,,,,,,75.5,0,0,historical
2024-11-08,78093252.0,78177800.0,,,,,,74.0,0,0,historical
2024-11-09,82396681.0,81508468.0,,,,,,71.2,0,1,historical
2024-11-10,81646255.0,79837035.0,,,,,,67.3,0,1,historical
2024-11-11,78480854.0,77377327.0,,,,,,66.6,0,0,historical
2024-11-12,76544834.0,76629703.0,,,,,,67.5,0,0,historical
2024-11-13,76942464.0,76530202.0,,,,,,71.4,0,0,historical
2024-11-14,74935193.0,75368238.0,,,,,,65.0,0,0,historical
2024-11-15,74180849.0,75030990.0,,,,,,70.3,0,0,historical
2024-11-16,80626321.0,77727665.0,,,,,,63.2,0,1,historical
2024-11-17,78235157.0,78311243.0,,,,,,67.0,0,1,historical
2024-11-18,75040000.0,75055133.0,,,,,,67.9,0,0,historical
2024-11-19,73753207.0,74502940.0,,,,,,76.9,0,0,historical
2024-11-20,72426092.0,72806277.0,,,,,,61.2,0,0,historical
2024-11-21,72886466.0,72901845.0,,,,,,72.3,0,0,historical
2024-11-22,74478335.0,72596475.0,,,,,,66.7,0,0,historical
2024-11-23,76564184.0,76643538.0,,,,,,67.4,0,1,historical
2024-11-24,73109600.0,75870882.0,,,,,,65.9,0,1,historical
2024-11-25,71154469.0,71531120.0,,,,,,66.9,0,0,historical
2024-11-26,73532397.0,71159668.0,,,,,,64.2,0,0,historical
2024-11-27,70450316.0,70621798.0,,,,,,70.3,0,0,historical
2024-11-28,67929391.0,70223391.0,,,,,,62.4,0,0,historical
2024-11-29,72632119.0,71772709.0,,,,,,68.5,0,0,historical
2024-11-30,74277005.0,74353389.0,,,,,,61.1,0,1,historical
2024-12-01,72903550.0,72949818.0,,,,,,63.2,0,1,historical
2024-12-02,68501541.0,68952743.0,,,,,,58.9,0,0,historical
2024-12-03,70151564.0,69854755.0,,,,,,64.7,0,0,historical
2024-12-04,67593618.0,68744393.0,,,,,,68.4,0,0,historical
2024-12-05,69574232.0,68940866.0,,,,,,62.1,0,0,historical
2024-12-06,68416773.0,68976509.0,,,,,,61.4,0,0,historical
2024-12-07,71334823.0,71379830.0,,,,,,57.5,0,1,historical
2024-12-08,70879699.0,70455964.0,,,,,,60.8,0,1,historical
2024-12-09,66476691.0,66267642.0,,,,,,55.2,0,0,historical
2024-12-10,67837478.0,67114326.0,,,,,,57.7,0,0,historical
2024-12-11,64917262.0,66153163.0,,,,,,62.1,0,0,historical
2024-12-12,63582630.0,63712377.0,,,,,,66.3,0,0,historical
2024-12-13,66351140.0,65999749.0,,,,,,72.1,0,0,historical
2024-12-14,69738422.0,69071021.0,,,,,,58.3,0,1,historical
2024-12-15,69251908.0,70214950.0,,,,,,66.2,0,1,historical
2024-12-16,65228379.0,65512818.0,,,,,,61.3,0,0,historical
2024-12-17,63965174.0,65103978.0,,,,,,59.6,0,0,historical
2024-12-18,65223996.0,64505788.0,,,,,,61.8,0,0,historical
2024-12-19,63832492.0,63390485.0,,,,,,60.2,0,0,historical
2024-12-20,62985113.0,64220907.0,,,,,,60.3,0,0,historical
2024-12-21,66643338.0,66918028.0,,,,,,58.1,0,1,historical
2024-12-22,69613037.0,67874829.0,,,,,,54.1,0,1,historical
2024-12-23,60599238.0,62256808.0,,,,,,53.4,0,0,historical
2024-12-24,63453293.0,62451470.0,,,,,,62.1,0,0,historical
2024-12-25,60270410.0,61533855.0,,,,,,58.3,0,0,historical
2024-12-26,62234632.0,61833124.0,,,,,,57.0,0,0,historical
2024-12-27,61610943.0,62012847.0,,,,,,59.4,0,0,historical
2024-12-28,62834679.0,63643647.0,,,,,,62.5,0,1,historical
2024-12-29,66068353.0,65350837.0,,,,,,60.0,0,1,historical
2024-12-30,61214136.0,61743316.0,,,,,,56.6,0,0,historical
2024-12-31,58723145.0,61486892.0,,,,,,64.1,0,0,historical
2025-01-01,62722013.0,61622392.0,,,,,,66.0,0,0,historical
2025-01-02,63417832.0,63210412.0,,,,,,61.6,0,0,historical
2025-01-03,63384784.0,63025195.0,,,,,,63.5,0,0,historical
2025-01-04,65393158.0,65541191.0,,,,,,64.6,0,1,historical
2025-01-05,64879828.0,64820951.0,,,,,,64.2,0,1,historical
2025-01-06,62909487.0,62441963.0,,,,,,62.1,0,0,historical
2025-01-07,63335693.0,62894096.0,,,,,,62.1,0,0,historical
2025-01-08,62536465.0,62355818.0,,,,,,61.8,0,0,historical
2025-01-09,59657073.0,60188558.0,,,,,,55.3,0,0,historical
2025-01-10,61203764.0,61771441.0,,,,,,62.6,0,0,historical
2025-01-11,65180579.0,64537952.0,,,,,,54.4,0,1,historical
2025-01-12,62102217.0,64046123.0,,,,,,56.7,0,1,historical
2025-01-13,155774325.75957727,66718085.0,,,,,,65.1,0,0,historical
2025-01-14,64098562.0,63673285.0,,,,,,63.3,0,0,historical
2025-01-15,61906252.0,62649349.0,,,,,,65.9,0,0,historical
2025-01-16,63111751.0,62623716.0,,,,,,59.0,0,0,historical
2025-01-17,61417449.0,61197182.0,,,,,,55.5,0,0,historical
2025-01-18,64815571.73051519,65172913.0,,,,,,59.3,0,1,historical
2025-01-19,65544446.0,65143112.0,,,,,,60.7,0,1,historical
2025-01-20,60361977.0,61390557.0,,,,,,60.7,0,0,historical
2025-01-21,60293007.0,61798124.0,,,,,,65.0,0,0,historical
2025-01-22,63502489.0,62669067.0,,,,,,59.1,0,0,historical
2025-01-23,63811709.0,63909462.0,,,,,,62.1,0,0,historical
2025-01-24,60745981.0,61916305.0,,,,,,56.8,0,0,historical
2025-01-25,67289046.0,66115715.0,,,,,,62.7,0,1,historical
2025-01-26,66049087.0,66463867.0,,,,,,61.0,0,1,historical
2025-01-27,63196967.0,63731915.0,,,,,,58.1,0,0,historical
2025-01-28,63600010.0,63587556.0,,,,,,60.3,0,0,historical
2025-01-29,64585981.0,63489879.0,,,,,,60.6,0,0,historical
2025-01-30,63601558.0,63781226.0,,,,,,60.4,0,0,historical
2025-01-31,65706586.0,64355056.0,,,,,,68.7,0,0,historical
2025-02-01,68154069.0,66878599.0,,,,,,61.3,0,1,historical
2025-02-02,68898106.0,68915528.0,,,,,,60.8,0,1,historical
2025-02-03,63559850.0,64818221.0,,,,,,53.6,0,0,historical
2025-02-04,68010053.0,65234150.0,,,,,,58.5,0,0,historical
2025-02-05,66045213.0,66838542.0,,,,,,61.2,0,0,historical
2025-02-06,66748533.0,65859078.0,,,,,,59.7,0,0,historical
2025-02-07,63942953.0,65282929.0,,,,,,68.1,0,0,historical
2025-02-08,69083344.0,69968486.0,,,,,,62.1,0,1,historical
2025-02-09,72326142.0,72252483.0,,,,,,68.1,0,1,historical
2025-02-10,67780336.0,67863438.0,,,,,,63.3,0,0,historical
2025-02-11,65194718.0,68166160.0,,,,,,63.4,0,0,historical
2025-02-12,69703567.0,66959228.0,,,,,,63.1,0,0,historical
2025-02-13,67994394.0,69363563.0,,,,,,63.6,0,0,historical
2025-02-14,71159724.0,71532973.0,,,,,,70.7,0,0,historical
2025-02-15,73255567.0,73712277.0,,,,,,54.7,0,1,historical
2025-02-16,74161368.0,73637556.0,,,,,,56.2,0,1,historical
2025-02-17,72350703.0,70914716.0,,,,,,62.2,0,0,historical
2025-02-18,70023826.0,69759488.0,,,,,,64.7,0,0,historical
2025-02-19,70432239.0,70915124.0,,,,,,67.6,0,0,historical
2025-02-20,72078270.0,71733594.0,,,,,,66.9,0,0,historical
2025-02-21,74048288.0,72566276.0,,,,,,63.7,0,0,historical
2025-02-22,75321158.0,76156622.0,,,,,,69.5,0,1,historical
2025-02-23,75441619.0,76612803.0,,,,,,69.8,0,1,historical
2025-02-26,75341708.0,75153984.0,,,,,,67.4,0,0,historical
2025-02-27,73950519.0,75000128.0,,,,,,64.3,0,0,historical
2025-02-28,76203317.0,75917741.0,,,,,,69.6,0,0,historical
2025-03-01,81437080.0,81814808.0,,,,,,67.9,0,1,historical
2025-03-02,83377466.0,82399309.0,,,,,,67.7,0,1,historical
2025-03-03,78024794.0,78139396.0,,,,,,73.8,0,0,historical
2025-03-04,82031864.0,80963274.0,,,,,,58.4,0,0,historical
2025-03-05,79481635.0,80111679.0,,,,,,62.8,0,0,historical
2025-03-06,80162896.0,80829080.0,,,,,,63.9,0,0,historical
2025-03-07,83904641.0,82935074.0,,,,,,67.5,0,0,historical
2025-03-08,86442031.0,86828657.0,,,,,,68.2,0,1,historical
2025-03-09,86088813.0,86946319.0,,,,,,63.4,0,1,historical
2025-03-10,83667176.0,83599603.0,,,,,,65.8,0,0,historical
2025-03-11,86451002.0,84974402.0,,,,,,66.5,0,0,historical
2025-03-12,87321964.0,85986630.0,,,,,,80.0,0,0,historical
2025-03-13,84891576.0,85408828.0,,,,,,77.7,0,0,historical
2025-03-14,86677263.0,87604163.0,,,,,,69.1,0,0,historical
2025-03-15,91254547.0,91296370.0,,,,,,69.5,0,1,historical
2025-03-16,90497851.0,90960829.0,,,,,,66.7,0,1,historical
2025-03-17,88834692.0,88431097.0,,,,,,63.9,0,0,historical
2025-03-18,89648211.0,90136066.0,,,,,,71.3,0,0,historical
2025-03-19,91942273.0,90972475.0,,,,,,68.1,0,0,historical
2025-03-20,92766835.0,91315755.0,,,,,,72.0,0,0,historical
2025-03-21,91382572.0,91489728.0,,,,,,66.2,0,0,historical
2025-03-22,95947499.0,96460689.0,,,,,,69.8,0,1,historical
2025-03-23,97889838.0,96958296.0,,,,,,73.7,0,1,historical
2025-03-24,93225816.0,93892691.0,,,,,,74.9,0,0,historical
2025-03-25,95573313.0,94206632.0,,,,,,75.4,0,0,historical
2025-03-26,95369578.0,96221791.0,,,,,,68.7,0,0,historical
2025-03-27,94881198.0,96202268.0,,,,,,77.7,0,0,historical
2025-03-28,95622274.0,96559430.0,,,,,,71.3,0,0,historical
2025-03-29,103331523.0,102516696.0,,,,,,77.3,0,1,historical
2025-03-30,101839254.0,102249810.0,,,,,,75.0,0,1,historical
2025-03-31,101354076.0,98707568.0,,,,,,69.8,0,0,historical
2025-04-01,99094371.0,100983954.0,,,,,,74.1,0,0,historical
2025-04-02,100908641.0,100982943.0,,,,,,77.1,0,0,historical
2025-04-03,104505607.0,102779497.0,,,,,,78.3,0,0,historical
2025-04-04,100443204.0,102518047.0,,,,,,75.6,0,0,historical
2025-04-05,103836006.0,107130394.0,,,,,,82.5,0,1,historical
2025-04-06,108774595.0,107766527.0,,,,,,80.7,0,1,historical
2025-04-07,102806578.0,104039976.0,,,,,,75.9,0,0,historical
2025-04-08,104601561.0,104270615.0,,,,,,80.2,0,0,historical
2025-04-09,104850394.0,105882703.0,,,,,,85.2,0,0,historical
2025-04-10,106708388.0,106100788.0,,,,,,85.6,0,0,historical
2025-04-17,108365036.0,109786321.0,,,,,,81.2,0,0,historical
2025-04-18,110244851.0,109417522.0,,,,,,79.3,0,0,historical
2025-04-19,115238940.0,115079135.0,,,,,,77.4,0,1,historical
2025-04-20,115079447.0,115293260.0,,,,,,77.5,0,1,historical
2025-04-21,112120121.0,113328576.0,,,,,,77.6,0,0,historical
2025-04-22,112999726.0,113041235.0,,,,,,77.2,0,0,historical
2025-04-23,113382298.0,113308955.0,,,,,,90.0,0,0,historical
2025-04-24,115182657.0,114699935.0,,,,,,82.3,0,0,historical
2025-04-25,116897582.0,116022390.0,,,,,,84.9,0,0,historical
2025-04-27,119938354.0,119965475.0,,,,,,81.1,0,1,historical
2025-04-28,115631403.0,116303336.0,,,,,,79.2,0,0,historical
2025-04-29,116910744.0,115991461.0,,,,,,71.7,0,0,historical
2025-04-30,118998647.0,117974018.0,,,,,,77.0,0,0,historical
2025-05-01,117955314.0,118096653.0,,,,,,75.5,0,0,historical
2025-05-02,115206028.0,117937270.0,,,,,,74.0,0,0,historical
2025-05-03,122354708.0,121733628.0,,,,,,78.4,0,1,historical
2025-05-04,124449391.0,123686228.0,,,,,,88.7,0,1,historical
2025-05-05,118730044.0,119530289.0,,,,,,83.5,0,0,historical
2025-05-06,121167882.0,119481262.0,,,,,,89.1,0,0,historical
2025-05-07,118927905.0,119759748.0,,,,,,85.8,0,0,historical
2025-05-08,118272067.0,119392316.0,,,,,,87.5,0,0,historical
2025-05-09,120342654.0,119578467.0,,,,,,81.0,0,0,historical
2025-05-10,122129916.0,123455200.0,,,,,,86.9,0,1,historical
2025-05-11,124576250.0,123940194.0,,,,,,88.0,0,1,historical
2025-05-12,122891025.0,122163603.0,,,,,,83.0,0,0,historical
2025-05-13,119068225.0,121462207.0,,,,,,87.8,0,0,historical
2025-05-14,120186777.0,120439783.0,,,,,,88.0,0,0,historical
2025-05-15,120430529.0,120689413.0,,,,,,83.8,0,0,historical
2025-05-16,121816609.0,121185183.0,,,,,,81.8,0,0,historical
2025-05-17,125268437.0,125568259.0,,,,,,81.7,0,1,historical
2025-05-18,128270065.0,126819217.0,,,,,,87.1,0,1,historical
2025-05-19,124211050.0,123807676.0,,,,,,88.3,0,0,historical
2025-05-20,123403267.0,123519213.0,,,,,,84.1,0,0,historical
2025-05-21,123303976.0,123227193.0,,,,,,87.6,0,0,historical
2025-05-22,123934848.0,123585069.0,,,,,,90.0,0,0,historical
2025-05-23,122326386.0,123056765.0,,,,,,90.4,0,0,historical
2025-05-30,124305433.0,123537257.0,,,,,,90.0,0,0,historical
2025-05-31,123341114.0,124994943.0,,,,,,88.3,0,1,historical
2025-06-01,127276988.0,126109886.0,,,,,,82.7,0,1,historical
2025-06-02,123468989.0,123554814.0,,,,,,89.5,0,0,historical
2025-06-03,123107263.0,123368388.0,,,,,,84.2,0,0,historical
2025-06-04,124849576.0,123684702.0,,,,,,94.5,0,0,historical
2025-06-05,122920889.0,122739168.0,,,,,,96.9,0,0,historical
2025-06-06,121631020.0,122129498.0,,,,,,87.9,0,0,historical
2025-06-07,126940455.0,126797626.0,,,,,,92.5,0,1,historical
2025-06-08,126825166.0,126227588.0,,,,,,88.7,0,1,historical
2025-06-09,123114284.0,122535986.0,,,,,,89.3,0,0,historical
2025-06-10,122355733.0,122767840.0,,,,,,95.1,0,0,historical
2025-06-11,124307332.0,122878182.0,,,,,,92.0,0,0,historical
2025-06-12,121622994.0,122053501.0,,,,,,99.4,0,0,historical
2025-06-13,122674328.0,121568628.0,,,,,,90.7,0,0,historical
2025-06-14,127205382.0,126766000.0,,,,,,96.8,0,1,historical
2025-06-15,123544408.0,124068599.0,,,,,,93.4,0,1,historical
2025-06-16,121472265.0,121256514.0,,,,,,96.4,0,0,historical
2025-06-17,120892218.0,120728004.0,,,,,,91.6,0,0,historical
2025-06-18,121097799.0,121305577.0,,,,,,93.3,0,0,historical
2025-06-19,120119821.0,120761876.0,,,,,,93.3,0,0,historical
2025-06-20,120697958.0,120783697.0,,,,,,90.5,0,0,historical
2025-06-21,126390219.0,125139271.0,,,,,,96.7,0,1,historical
2025-06-22,121859669.0,122813130.0,,,,,,96.8,0,1,historical
2025-06-23,118012721.0,118852252.0,,,,,,96.7,0,0,historical
2025-06-24,119397860.0,119885065.0,,,,,,100.7,0,0,historical
2025-06-25,130205518.0,129466623.0,,,,,,100.4,0,0,historical
2025-06-26,132059534.0,132897301.0,,,,,,93.3,0,0,historical
2025-06-27,135954801.0,135510606.0,,,,,,96.4,0,0,historical
2025-06-28,139586739.0,139153664.0,,,,,,92.6,0,1,historical
2025-06-29,137613943.0,137625802.0,,,,,,95.3,0,1,historical
2025-06-30,135537906.0,135733254.0,,,,,,92.9,0,0,historical
2025-07-01,141017418.0,140888042.0,,,,,,101.9,0,0,historical
2025-07-02,136536300.0,135413596.0,,,,,,97.0,0,0,historical
2025-07-03,133866218.0,134005748.0,,,,,,94.8,0,0,historical
2025-07-04,147662006.0,144623974.0,,,,,,100.6,1,0,historical
2025-07-05,136374444.0,136289613.0,,,,,,87.2,0,1,historical
2025-07-06,134783597.0,135451558.0,,,,,,88.0,0,1,historical
2025-07-07,320222895.1122853,136668202.0,,,,,,99.3,0,0,historical
2025-07-08,123537963.0,126676769.0,,,,,,96.5,0,0,historical
2025-07-09,116251426.0,117076331.0,,,,,,97.4,0,0,historical
2025-07-10,114188423.0,114478980.0,,,,,,91.2,0,0,historical
2025-07-11,113621395.0,113295112.0,,,,,,96.5,0,0,historical
2025-07-12,123578399.0,123371641.0,,,,,,104.7,0,1,historical
2025-07-13,118929552.0,119064558.0,,,,,,100.1,0,1,historical
2025-07-14,112560947.0,112416002.0,,,,,,97.6,0,0,historical
2025-07-15,110002384.0,110246470.0,,,,,,95.2,0,0,historical
2025-07-16,112070503.0,110833523.0,,,,,,95.5,0,0,historical
2025-07-17,113665095.0,112230127.0,,,,,,88.7,0,0,historical
2025-07-18,110311699.0,112112298.0,,,,,,98.3,0,0,historical
2025-07-19,117573294.0,117491619.0,,,,,,100.8,0,1,historical
2025-07-20,115436747.0,115037334.0,,,,,,91.2,0,1,historical
2025-07-21,112234712.0,112289790.0,,,,,,94.9,0,0,historical
2025-07-22,111904974.0,111496522.0,,,,,,93.1,0,0,historical
2025-07-23,109435586.0,111153780.0,,,,,,93.9,0,0,historical
2025-07-24,107464608.0,108130088.0,,,,,,98.1,0,0,historical
2025-07-25,108626371.0,108258499.0,,,,,,89.6,0,0,historical
2025-07-26,115210061.0,115037379.0,,,,,,100.5,0,1,historical
2025-07-27,113296118.0,114303748.0,,,,,,101.1,0,1,historical
2025-07-28,106997427.0,107758360.0,,,,,,97.1,0,0,historical
2025-07-29,105330613.0,106015928.0,,,,,,88.3,0,0,historical
2025-07-30,110390584.0,107490383.0,,,,,,94.3,0,0,historical
2025-07-31,111819669.0,111702570.0,,,,,,103.2,0,0,historical
2025-08-01,107812279.0,107287008.0,,,,,,87.2,0,0,historical
2025-08-02,111226829.32628796,111127010.0,,,,,,97.0,0,1,historical
2025-08-03,111048534.0,110411938.0,,,,,,93.7,0,1,historical
2025-08-04,107633061.0,108277816.0,,,,,,101.6,0,0,historical
2025-08-05,109872329.0,108978128.0,,,,,,95.7,0,0,historical
2025-08-06,115363641.0,115742312.0,,,,,,100.0,0,0,historical
2025-08-07,122945678.0,119577593.0,,,,,,100.7,0,0,historical
2025-08-08,124278264.0,124698649.0,,,,,,105.7,0,0,historical
2025-08-09,120099635.0,119851658.0,,,,,,97.6,0,1,historical
2025-08-10,122157640.0,121828685.0,,,,,,99.8,0,1,historical
2025-08-11,115414400.0,115555969.0,,,,,,92.4,0,0,historical
2025-08-12,121600800.0,121005006.0,,,,,,103.0,0,0,historical
2025-08-13,114370496.0,115069904.0,,,,,,95.1,0,0,historical
2025-08-14,115749935.0,115360256.0,,,,,,95.8,0,0,historical
2025-08-15,116801008.19022456,116166400.0,,,,,,97.9,0,0,historical
2025-08-16,119494794.0,119208398.0,,,,,,91.6,0,1,historical
2025-08-17,115663246.0,116242777.0,,,,,,98.7,0,1,historical
2025-08-18,108738927.0,111487319.0,,,,,,101.5,0,0,historical
2025-08-19,101427303.0,102341985.0,,,,,,98.7,0,0,historical
2025-08-20,100271704.0,101131029.0,,,,,,91.0,0,0,historical
2025-08-21,99591546.0,100366696.0,,,,,,96.7,0,0,historical
2025-08-22,103426083.0,102884574.0,,,,,,100.0,0,0,historical
2025-08-23,103679519.0,104218297.0,,,,,,89.3,0,1,historical
2025-08-24,102692195.0,103025506.0,,,,,,92.3,0,1,historical
2025-08-25,99812949.0,99760279.0,,,,,,99.9,0,0,historical
2025-08-26,100574287.0,99836209.0,,,,,,97.3,0,0,historical
2025-08-27,99842106.0,98848045.0,,,,,,97.6,0,0,historical
2025-08-28,102982844.0,102544944.0,,,,,,103.2,0,0,historical
2025-08-29,97949220.0,98180926.0,,,,,,97.4,0,0,historical
2025-08-30,102752194.0,101797486.0,,,,,,97.9,0,1,historical
2025-08-31,106971565.0,107255677.0,,,,,,105.9,0,1,historical
2025-09-01,105232572.0,104470455.0,,,,,,94.2,1,0,historical
2025-09-02,99085646.0,99246312.0,,,,,,91.6,0,0,historical
2025-09-03,97983961.0,97186430.0,,,,,,96.2,0,0,historical
2025-09-04,95122145.0,96595614.0,,,,,,96.0,0,0,historical
2025-09-05,95852675.0,95847797.0,,,,,,91.8,0,0,historical
2025-09-06,100503880.0,98659129.0,,,,,,89.5,0,1,historical
2025-09-09,96364946.0,95882090.0,,,,,,89.9,0,0,historical
2025-09-10,93225345.0,94849656.0,,,,,,96.2,0,0,historical
2025-09-11,94785109.0,94438293.0,,,,,,91.8,0,0,historical
2025-09-12,94873099.339498,95169028.0,,,,,,90.9,0,0,historical
2025-09-13,98507442.0,98298535.0,,,,,,93.9,0,1,historical
2025-09-14,97555620.0,97667340.0,,,,,,86.1,0,1,historical
2025-09-15,94840873.0,94905246.0,,,,,,92.4,0,0,historical
2025-09-16,93760981.0,94564774.0,,,,,,98.3,0,0,historical
2025-09-17,92343977.0,93142218.0,,,,,,92.3,0,0,historical
2025-09-18,94976828.0,94289077.0,,,,,,88.6,0,0,historical
2025-09-19,94659567.0,93431000.0,,,,,,87.7,0,0,historical
2025-09-20,98289451.0,97787507.0,,,,,,87.8,0,1,historical
2025-09-21,94773038.0,96674399.0,,,,,,88.1,0,1,historical
2025-09-22,93342368.0,93298071.0,,,,,,87.3,0,0,historical
2025-09-23,94010845.0,93132754.0,,,,,,92.2,0,0,historical
2025-09-24,90600932.0,91555440.0,,,,,,81.3,0,0,historical
2025-09-25,92579363.0,92091957.0,,,,,,91.4,0,0,historical
2025-09-26,91790786.0,92153221.0,,,,,,86.1,0,0,historical
2025-09-27,98218081.0,96571345.0,,,,,,88.8,0,1,historical
2025-09-28,97638960.0,96279227.0,,,,,,82.4,0,1,historical
2025-09-29,89399183.0,91545680.0,,,,,,91.9,0,0,historical
2025-09-30,94922408.0,91804783.0,,,,,,91.3,0,0,historical
2025-10-01,89831545.0,90552407.0,,,,,,89.8,0,0,historical
2025-10-02,91517291.0,90458404.0,,,,,,79.6,0,0,historical
2025-10-03,91912320.0,91269025.0,,,,,,88.6,0,0,historical
2025-10-04,92504714.0,94764841.0,,,,,,86.6,0,1,historical
2025-10-05,93857140.0,94240374.0,,,,,,78.2,0,1,historical
2025-10-06,89372149.0,88848327.0,,,,,,84.2,0,0,historical
2025-10-07,90145025.0,90971497.0,,,,,,85.4,0,0,historical
2025-10-08,89481610.0,89365466.0,,,,,,85.8,0,0,historical
2025-10-09,90444271.0,89721734.0,,,,,,83.9,0,0,historical
2025-10-10,88639353.0,88391305.0,,,,,,84.0,0,0,historical
2025-10-11,92094673.0,92247550.0,,,,,,88.4,0,1,historical
2025-10-12,93503556.0,93014570.0,,,,,,87.0,0,1,historical
2025-10-13,88282490.0,88509776.0,,,,,,70.3,0,0,historical
2025-10-14,88241731.0,88395156.0,,,,,,80.1,0,0,historical
2025-10-15,86046531.0,86909405.0,,,,,,80.3,0,0,historical
2025-10-16,85222887.0,85924321.0,,,,,,73.6,0,0,historical
2025-10-17,85664149.0,87063569.0,,,,,,80.6,0,0,historical
2025-10-18,89353543.0,89071921.0,,,,,,84.8,0,1,historical
2025-10-19,90681338.0,89721819.0,,,,,,75.1,0,1,historical
2025-10-20,86971706.0,86504960.0,,,,,,80.4,0,0,historical
2025-10-21,85079736.0,85355005.0,,,,,,75.0,0,0,historical
2025-10-22,87006670.0,85494876.0,,,,,,75.5,0,0,historical
2025-10-23,86906548.0,85146073.0,,,,,,83.7,0,0,historical
2025-10-24,84762511.0,84364117.0,,,,,,75.2,0,0,historical
2025-10-25,86700544.0,87570540.0,,,,,,78.9,0,1,historical
2025-10-26,89746859.0,88311828.0,,,,,,69.1,0,1,historical
2025-10-27,83701984.0,83900808.0,,,,,,83.6,0,0,historical
2025-10-28,83383750.0,83303544.0,,,,,,78.2,0,0,historical
2025-10-29,82420497.0,82625423.0,,,,,,74.6,0,0,historical
2025-10-30,81335763.0,83195825.0,,,,,,77.2,0,0,historical
2025-10-31,80207466.0,82589555.0,,,,,,68.9,0,0,historical
2025-11-01,86546440.0,85770234.0,,,,,,79.3,0,1,historical
2025-11-02,84241650.0,84543788.0,,,,,,72.8,0,1,historical
2025-11-03,85556073.0,82505816.0,,,,,,72.9,0,0,historical
2025-11-04,79430578.0,80915824.0,,,,,,71.3,0,0,historical
2025-11-05,78855498.0,79821232.0,,,,,,70.6,0,0,historical
2025-11-06,80987179.0,80200196.0,,,,,,75.3,0,0,historical
2025-11-07,82070375.0,79755088.0,,,,,,73.1,0,0,historical
2025-11-08,83406508.0,83329732.0,,,,,,74.3,0,1,historical
2025-11-09,83769737.0,82456326.0,,,,,,71.3,0,1,historical
2025-11-10,76315847.0,78939945.0,,,,,,73.0,0,0,historical
2025-11-11,77594469.0,78010706.0,,,,,,68.8,0,0,historical
2025-11-12,76687060.0,77081242.0,,,,,,79.0,0,0,historical
2025-11-13,75182894.0,76689375.0,,,,,,63.5,0,0,historical
2025-11-14,77638821.0,76636012.0,,,,,,74.4,0,0,historical
2025-11-15,77708957.0,78990441.0,,,,,,74.5,0,1,historical
2025-11-16,78636046.0,79403380.0,,,,,,65.2,0,1,historical
2025-11-17,75642819.0,75827378.0,,,,,,77.2,0,0,historical
2025-11-18,74868681.0,75169071.0,,,,,,71.9,0,0,historical
2025-11-19,76222235.0,75186306.0,,,,,,71.5,0,0,historical
2025-11-20,75730975.0,75396543.0,,,,,,67.3,0,0,historical
2025-11-21,76189222.0,76002217.0,,,,,,66.0,0,0,historical
2025-11-22,79357316.77675033,79076494.0,,,,,,65.7,0,1,historical
2025-11-23,79536287.0,78408479.0,,,,,,67.8,0,1,historical
2025-11-24,73842092.0,74102443.0,,,,,,71.5,0,0,historical
2025-11-25,73905477.0,73108131.0,,,,,,66.4,0,0,historical
2025-11-26,73833506.0,73002191.0,,,,,,61.7,0,0,historical
2025-11-27,72953891.0,72998832.0,,,,,,68.3,0,0,historical
2025-11-28,71839029.0,72223177.0,,,,,,68.4,0,0,historical
2025-11-29,75302810.0,75892054.0,,,,,,67.1,0,1,historical
2025-11-30,74266740.0,75851919.0,,,,,,67.2,0,1,historical
2025-12-01,71913612.0,71236397.0,,,,,,62.8,0,0,historical
2025-12-02,70839177.0,70788041.0,,,,,,59.9,0,0,historical
2025-12-03,69692451.0,70456806.0,,,,,,59.9,0,0,historical
2025-12-04,69346810.0,69203014.0,,,,,,56.6,0,0,historical
2025-12-05,68235701.0,69026712.0,,,,,,63.9,0,0,historical
2025-12-06,74695055.0,72657188.0,,,,,,62.4,0,1,historical
2025-12-07,73098772.0,72573506.0,,,,,,60.7,0,1,historical
2025-12-08,67714464.0,66813256.0,,,,,,50.4,0,0,historical
2025-12-09,69727876.0,68953476.0,,,,,,57.1,0,0,historical
2025-12-10,67488186.0,68238362.0,,,,,,66.3,0,0,historical
2025-12-11,65985892.0,66984836.0,,,,,,59.0,0,0,historical
2025-12-12,69074682.0,67533263.0,,,,,,62.9,0,0,historical
2025-12-13,70321449.0,70736297.0,,,,,,55.8,0,1,historical
2025-12-14,70201391.0,70586153.0,,,,,,66.9,0,1,historical
2025-12-15,66802690.0,66791198.0,,,,,,60.4,0,0,historical
2025-12-16,68059189.0,67742744.0,,,,,,62.0,0,0,historical
2025-12-17,66206729.0,66565240.0,,,,,,70.0,0,0,historical
2025-12-18,64226061.0,65749290.0,,,,,,66.7,0,0,historical
2025-12-19,66403899.0,65610462.0,,,,,,59.2,0,0,historical
2025-12-20,68442591.0,69234511.0,,,,,,58.0,0,1,historical
2025-12-21,71520141.0,70578104.0,,,,,,59.0,0,1,historical
2025-12-22,64895342.0,65113306.0,,,,,,62.2,0,0,historical
2025-12-23,61533129.0,62998564.0,,,,,,59.7,0,0,historical
2025-12-24,64945251.0,64761539.0,,,,,,58.4,0,0,historical
2025-12-25,66958174.0,64543808.0,,,,,,65.8,0,0,historical
2025-12-26,66239006.0,65483976.0,,,,,,59.4,0,0,historical
2025-12-27,70143153.0,69498909.0,,,,,,69.0,0,1,historical
2025-12-28,65964355.0,67303203.0,,,,,,60.1,0,1,historical
2025-12-29,64762760.0,64503362.0,,,,,,66.9,0,0,historical
2025-12-30,62310688.0,63091869.0,,,,,,61.1,0,0,historical
2025-12-31,63488319.0,63879553.0,,,,,,63.5,0,0,historical
2026-01-01,,,65974961.72623286,52927951.57233253,70450184.9103357,62269649.84641811,68200830.17622374,60.98685661204493,1,0,forecast
2026-01-02,,,63818526.031450324,49937169.6761485,68579936.27450658,59984827.62730501,66121519.3020179,58.44694279531526,0,0,forecast
2026-01-03,,,66847972.705366336,52326399.992411405,71828982.00236788,62915759.85620935,69210145.93220545,61.590754152402766,0,1,forecast
2026-01-04,,,68772434.16506757,53711134.09602927,73938574.02827142,64757169.79698801,71184498.4028903,65.0921194256321,0,1,forecast
2026-01-05,,,65792372.451689295,50255563.036286145,71121615.6179494,61703938.22658403,68248391.55256447,58.063386501106656,0,0,forecast
2026-01-06,,,63997941.15583879,48031238.43095437,69474640.97941637,59843356.32353407,66493698.49044137,58.06345217220328,0,0,forecast
2026-01-07,,,63606745.526882455,47244715.10427962,69219045.74145219,59391328.933138154,66139045.93881231,65.31685126202956,0,0,forecast
2026-01-08,,,63243677.305334605,46513684.83349331,68982191.2864453,58971639.8885939,65809991.184310734,62.069738916611634,0,0,forecast
2026-01-09,,,63097122.42864742,46021532.44447115,68954178.97095229,58771905.57230304,65695382.454302005,57.122102456260194,0,0,forecast
2026-01-10,,,65875260.54950453,48472796.3109989,71844437.43386522,61499745.328601174,68503735.99194168,61.17024017434386,0,1,forecast
2026-01-11,,,65433370.75598472,47720006.64971289,71509188.646963,61010015.25802337,68090584.98392662,57.14632922875015,0,1,forecast
2026-01-12,,,61277164.11079349,43266738.923645996,67454876.19979475,56808097.80402945,63961837.90231269,57.137080985718974,0,0,forecast
2026-01-13,,,64122622.021490164,45827276.21004784,70398064.04006399,59609713.04054379,66833633.14395235,59.96784908626414,0,0,forecast
2026-01-14,,,61598074.90065186,43028571.92180925,67967554.90165731,57042979.49183691,64334428.40773813,51.34687902136881,0,0,forecast
2026-01-15,,,62344057.36970872,43510025.83518344,68804272.66648571,57748257.152993605,65104863.21727448,52.10032866994787,0,0,forecast
2026-01-16,,,61503609.95938037,42413730.06006612,68051583.18078625,56868440.61477118,64288065.77286681,56.75084988303611,0,0,forecast
2026-01-17,,,64212889.61107983,44875039.291587174,70845918.56251612,59539563.371491045,67020267.17351468,54.948675518662306,0,1,forecast
2026-01-18,,,65634445.72547143,46055817.13709065,72350063.44463655,60924069.29613533,68464080.2128561,60.256989330381096,0,1,forecast
2026-01-19,,,62088757.574677005,42275951.1528351,68884700.06228687,57342346.60948177,64940038.85970802,55.36790369791515,0,0,forecast
2026-01-20,,,61948058.97832786,41907160.38628392,68822238.80584624,57166549.91966726,64820424.51791919,53.35078519465883,0,0,forecast
2026-01-21,,,62500832.591691166,42237476.345222875,69451317.0775809,57685092.460827805,65393761.5456716,64.86259507568622,0,0,forecast
2026-01-22,,,62791734.690414436,42311157.288835526,69816727.67579652,57942569.26311073,65704743.010232724,58.09689479805386,0,0,forecast
2026-01-23,,,63006623.635507025,42313708.32463507,70104450.13012403,58124784.33000747,65939259.9264581,59.2701128187517,0,0,forecast
2026-01-24,,,64056893.938112274,43156208.72710579,71225987.0802656,59143083.665052764,67008735.94515841,53.301007255146175,0,1,forecast
2026-01-25,,,64466996.206864014,43362826.39241178,71705886.10737091,59521874.37399,67437647.8081823,56.82246910189927,0,1,forecast
2026-01-26,,,63270356.4373323,41966732.61524826,70577660.57133693,58294543.25983343,66259445.054994725,59.44369035883946,0,0,forecast
2026-01-27,,,60775000.000000015,39275722.33865994,68149414.881001,55769080.23562891,63782174.356199294,54.396025690310786,0,0,forecast
2026-01-28,,,62658493.34156421,40967152.73512089,70098787.26570183,57623019.54562554,65683421.50326489,60.502792073382686,0,0,forecast
2026-01-29,,,62350370.09522547,40470366.69409615,69855376.78518432,57285865.471988074,65392737.76125327,56.59744524032478,0,0,forecast
2026-01-30,,,63346221.58049251,41280781.102967806,70914834.59049617,58253182.493167624,66405730.57373105,57.83322500082689,0,0,forecast
